{"cameraMode":{"drawMode":0,"name":"Shaded","section":"Shading Mode"},"sceneLighting":true,"audioPlay":false,"sceneViewState":{"showFog":true,"showMaterialUpdate":false,"showSkybox":true,"showFlares":true,"showImageEffects":true,"showParticleSystems":true},"in2DMode":false,"pivot":{"x":251.93917846679688,"y":3.5696377754211427,"z":235.0572509765625},"rotation":{"x":0.012526176869869233,"y":0.9837874174118042,"z":-0.07570653408765793,"w":0.16228187084197999},"size":1.6537694931030274,"orthographic":false}