{"cameraMode":{"drawMode":0,"name":"Shaded","section":"Shading Mode"},"sceneLighting":true,"audioPlay":false,"sceneViewState":{"showFog":false,"showMaterialUpdate":false,"showSkybox":false,"showFlares":false,"showImageEffects":false,"showParticleSystems":false},"in2DMode":false,"pivot":{"x":-6.164521217346191,"y":-0.1956801414489746,"z":1.8244304656982422},"rotation":{"x":-0.1422709822654724,"y":0.7659937143325806,"z":-0.18162940442562104,"w":-0.6000550389289856},"size":4.698079586029053,"orthographic":false}