{"cameraMode":{"drawMode":0,"name":"Shaded","section":"Shading Mode"},"sceneLighting":false,"audioPlay":false,"sceneViewState":{"showFog":false,"showMaterialUpdate":false,"showSkybox":false,"showFlares":false,"showImageEffects":false,"showParticleSystems":false},"in2DMode":false,"pivot":{"x":-4.172325134277344e-7,"y":1.3541173934936524,"z":-0.27917638421058657},"rotation":{"x":0.2592328190803528,"y":0.7382256388664246,"z":-0.4031074345111847,"w":0.47472432255744936},"size":1.7353787422180176,"orthographic":false}